<?xml version="1.0" encoding="utf-8"?>
<odoo>
    <!-- Custom Paper Format for Single Page Commission Report -->
    <record id="paperformat_commission_report" model="report.paperformat">
        <field name="name">Commission Report A4</field>
        <field name="default" eval="False"/>
        <field name="format">A4</field>
        <field name="page_height">0</field>
        <field name="page_width">0</field>
        <field name="orientation">Portrait</field>
        <field name="margin_top">8</field>
        <field name="margin_bottom">8</field>
        <field name="margin_left">8</field>
        <field name="margin_right">8</field>
        <field name="header_line" eval="False"/>
        <field name="header_spacing">0</field>
        <field name="dpi">90</field>
    </record>
</odoo>
